"","trial","response","reward","id"
"1",1,1,1,1
"2",2,1,0,1
"3",3,1,0,1
"4",4,1,1,1
"5",5,2,1,1
"6",6,2,0,1
"7",7,2,0,1
"8",8,1,1,1
"9",9,2,0,1
"10",10,2,1,1
"11",11,1,1,1
"12",12,1,0,1
"13",13,1,0,1
"14",14,1,1,1
"15",15,2,0,1
"16",16,2,0,1
"17",17,1,1,1
"18",18,1,1,1
"19",19,1,1,1
"20",20,1,1,1
"21",21,2,0,1
"22",22,1,1,1
"23",23,1,1,1
"24",24,1,1,1
"25",25,2,0,1
"26",26,2,0,1
"27",27,2,0,1
"28",28,1,1,1
"29",29,1,1,1
"30",30,1,1,1
"31",31,1,0,1
"32",32,1,1,1
"33",33,1,1,1
"34",34,1,1,1
"35",35,1,1,1
"36",36,1,0,1
"37",37,1,0,1
"38",38,1,0,1
"39",39,2,0,1
"40",40,1,1,1
"41",41,1,1,1
"42",42,1,0,1
"43",43,1,1,1
"44",44,1,1,1
"45",45,1,1,1
"46",46,2,0,1
"47",47,1,1,1
"48",48,2,0,1
"49",49,1,1,1
"50",50,1,0,1
"51",51,2,0,1
"52",52,1,1,1
"53",53,1,1,1
"54",54,1,0,1
"55",55,1,1,1
"56",56,1,0,1
"57",57,2,0,1
"58",58,2,0,1
"59",59,1,1,1
"60",60,1,1,1
"61",61,1,1,1
"62",62,1,1,1
"63",63,2,0,1
"64",64,2,1,1
"65",65,1,0,1
"66",66,1,1,1
"67",67,2,0,1
"68",68,1,1,1
"69",69,1,0,1
"70",70,1,0,1
"71",71,1,1,1
"72",72,1,1,1
"73",73,1,1,1
"74",74,1,0,1
"75",75,2,1,1
"76",76,2,0,1
"77",77,1,1,1
"78",78,2,0,1
"79",79,1,1,1
"80",80,1,1,1
"81",81,2,0,1
"82",82,1,1,1
"83",83,1,1,1
"84",84,1,1,1
"85",85,2,0,1
"86",86,1,1,1
"87",87,1,1,1
"88",88,2,0,1
"89",89,2,0,1
"90",90,1,1,1
"91",91,1,1,1
"92",92,1,0,1
"93",93,1,1,1
"94",94,1,1,1
"95",95,1,1,1
"96",96,1,1,1
"97",97,2,1,1
"98",98,1,1,1
"99",99,1,1,1
"100",100,1,1,1
"101",1,1,1,2
"102",2,1,1,2
"103",3,1,1,2
"104",4,1,1,2
"105",5,1,0,2
"106",6,1,1,2
"107",7,1,1,2
"108",8,1,1,2
"109",9,1,1,2
"110",10,1,1,2
"111",11,1,1,2
"112",12,2,0,2
"113",13,2,0,2
"114",14,1,1,2
"115",15,2,0,2
"116",16,2,0,2
"117",17,1,0,2
"118",18,1,1,2
"119",19,1,1,2
"120",20,1,1,2
"121",21,1,1,2
"122",22,1,1,2
"123",23,1,0,2
"124",24,1,1,2
"125",25,1,1,2
"126",26,1,1,2
"127",27,1,1,2
"128",28,1,1,2
"129",29,2,1,2
"130",30,2,1,2
"131",31,2,0,2
"132",32,1,1,2
"133",33,1,0,2
"134",34,2,0,2
"135",35,2,0,2
"136",36,1,1,2
"137",37,2,0,2
"138",38,1,1,2
"139",39,2,0,2
"140",40,1,1,2
"141",41,1,1,2
"142",42,1,1,2
"143",43,1,1,2
"144",44,1,1,2
"145",45,1,1,2
"146",46,1,1,2
"147",47,2,0,2
"148",48,1,1,2
"149",49,1,1,2
"150",50,1,1,2
"151",51,1,1,2
"152",52,1,1,2
"153",53,1,1,2
"154",54,2,0,2
"155",55,1,1,2
"156",56,1,1,2
"157",57,1,1,2
"158",58,1,0,2
"159",59,1,1,2
"160",60,1,1,2
"161",61,1,1,2
"162",62,1,1,2
"163",63,1,1,2
"164",64,1,0,2
"165",65,1,1,2
"166",66,1,1,2
"167",67,1,1,2
"168",68,1,1,2
"169",69,1,1,2
"170",70,1,1,2
"171",71,1,1,2
"172",72,2,0,2
"173",73,2,0,2
"174",74,2,1,2
"175",75,1,1,2
"176",76,2,0,2
"177",77,2,0,2
"178",78,2,1,2
"179",79,1,1,2
"180",80,1,0,2
"181",81,1,1,2
"182",82,1,0,2
"183",83,1,1,2
"184",84,2,0,2
"185",85,2,0,2
"186",86,2,0,2
"187",87,1,1,2
"188",88,1,1,2
"189",89,1,1,2
"190",90,2,1,2
"191",91,2,0,2
"192",92,1,0,2
"193",93,1,1,2
"194",94,1,1,2
"195",95,1,1,2
"196",96,2,0,2
"197",97,1,1,2
"198",98,1,1,2
"199",99,1,0,2
"200",100,1,1,2
"201",1,2,0,3
"202",2,1,1,3
"203",3,1,1,3
"204",4,1,1,3
"205",5,1,0,3
"206",6,1,0,3
"207",7,1,1,3
"208",8,1,1,3
"209",9,2,0,3
"210",10,1,0,3
"211",11,1,1,3
"212",12,1,1,3
"213",13,1,1,3
"214",14,1,1,3
"215",15,2,0,3
"216",16,2,0,3
"217",17,1,1,3
"218",18,1,1,3
"219",19,1,1,3
"220",20,2,0,3
"221",21,1,1,3
"222",22,2,1,3
"223",23,1,1,3
"224",24,2,0,3
"225",25,2,0,3
"226",26,1,1,3
"227",27,2,1,3
"228",28,2,0,3
"229",29,1,1,3
"230",30,1,1,3
"231",31,2,0,3
"232",32,2,0,3
"233",33,2,0,3
"234",34,1,0,3
"235",35,2,0,3
"236",36,1,1,3
"237",37,1,0,3
"238",38,1,1,3
"239",39,1,1,3
"240",40,1,0,3
"241",41,1,0,3
"242",42,2,1,3
"243",43,1,0,3
"244",44,1,1,3
"245",45,1,1,3
"246",46,2,1,3
"247",47,2,1,3
"248",48,2,0,3
"249",49,1,1,3
"250",50,2,0,3
"251",51,1,1,3
"252",52,1,1,3
"253",53,1,1,3
"254",54,1,1,3
"255",55,1,1,3
"256",56,1,1,3
"257",57,2,0,3
"258",58,2,1,3
"259",59,2,0,3
"260",60,2,1,3
"261",61,1,0,3
"262",62,2,0,3
"263",63,1,1,3
"264",64,2,0,3
"265",65,2,0,3
"266",66,1,1,3
"267",67,1,1,3
"268",68,1,1,3
"269",69,1,1,3
"270",70,1,1,3
"271",71,2,1,3
"272",72,1,0,3
"273",73,1,1,3
"274",74,1,1,3
"275",75,1,1,3
"276",76,1,1,3
"277",77,1,1,3
"278",78,2,0,3
"279",79,1,1,3
"280",80,2,0,3
"281",81,1,1,3
"282",82,1,1,3
"283",83,1,1,3
"284",84,1,1,3
"285",85,1,1,3
"286",86,1,1,3
"287",87,1,1,3
"288",88,1,1,3
"289",89,1,1,3
"290",90,1,1,3
"291",91,2,0,3
"292",92,1,1,3
"293",93,1,1,3
"294",94,1,0,3
"295",95,1,1,3
"296",96,1,0,3
"297",97,2,0,3
"298",98,1,1,3
"299",99,2,0,3
"300",100,1,1,3
"301",1,2,0,4
"302",2,1,1,4
"303",3,1,1,4
"304",4,2,0,4
"305",5,1,1,4
"306",6,1,0,4
"307",7,2,1,4
"308",8,2,0,4
"309",9,2,0,4
"310",10,1,1,4
"311",11,2,1,4
"312",12,1,0,4
"313",13,2,1,4
"314",14,1,1,4
"315",15,1,0,4
"316",16,2,0,4
"317",17,2,1,4
"318",18,2,0,4
"319",19,1,1,4
"320",20,2,0,4
"321",21,1,1,4
"322",22,1,1,4
"323",23,2,1,4
"324",24,1,1,4
"325",25,2,0,4
"326",26,2,1,4
"327",27,2,0,4
"328",28,2,0,4
"329",29,1,1,4
"330",30,1,0,4
"331",31,2,0,4
"332",32,1,0,4
"333",33,1,1,4
"334",34,2,0,4
"335",35,2,0,4
"336",36,2,0,4
"337",37,2,0,4
"338",38,1,1,4
"339",39,2,0,4
"340",40,1,0,4
"341",41,1,1,4
"342",42,1,0,4
"343",43,2,1,4
"344",44,1,1,4
"345",45,1,1,4
"346",46,2,1,4
"347",47,1,1,4
"348",48,1,1,4
"349",49,2,0,4
"350",50,1,1,4
"351",51,1,1,4
"352",52,1,1,4
"353",53,1,1,4
"354",54,1,0,4
"355",55,1,1,4
"356",56,2,0,4
"357",57,1,1,4
"358",58,1,1,4
"359",59,2,0,4
"360",60,1,1,4
"361",61,1,1,4
"362",62,1,1,4
"363",63,2,0,4
"364",64,1,1,4
"365",65,1,1,4
"366",66,2,0,4
"367",67,1,0,4
"368",68,1,1,4
"369",69,2,1,4
"370",70,1,0,4
"371",71,2,0,4
"372",72,1,0,4
"373",73,1,1,4
"374",74,1,1,4
"375",75,1,0,4
"376",76,1,1,4
"377",77,2,0,4
"378",78,2,0,4
"379",79,1,1,4
"380",80,2,0,4
"381",81,1,0,4
"382",82,2,0,4
"383",83,1,1,4
"384",84,1,1,4
"385",85,1,1,4
"386",86,1,1,4
"387",87,1,1,4
"388",88,1,1,4
"389",89,1,1,4
"390",90,2,0,4
"391",91,2,0,4
"392",92,1,1,4
"393",93,2,0,4
"394",94,1,1,4
"395",95,1,1,4
"396",96,2,0,4
"397",97,1,0,4
"398",98,1,1,4
"399",99,2,0,4
"400",100,2,0,4
"401",1,2,0,5
"402",2,2,0,5
"403",3,1,1,5
"404",4,2,0,5
"405",5,1,1,5
"406",6,1,1,5
"407",7,1,1,5
"408",8,1,1,5
"409",9,1,1,5
"410",10,2,0,5
"411",11,1,0,5
"412",12,1,1,5
"413",13,1,1,5
"414",14,1,1,5
"415",15,1,1,5
"416",16,2,0,5
"417",17,1,1,5
"418",18,1,1,5
"419",19,2,1,5
"420",20,1,0,5
"421",21,2,0,5
"422",22,1,1,5
"423",23,1,1,5
"424",24,1,1,5
"425",25,1,1,5
"426",26,1,1,5
"427",27,1,1,5
"428",28,1,1,5
"429",29,1,1,5
"430",30,2,1,5
"431",31,2,0,5
"432",32,1,1,5
"433",33,2,0,5
"434",34,1,1,5
"435",35,1,0,5
"436",36,1,1,5
"437",37,1,0,5
"438",38,1,1,5
"439",39,1,0,5
"440",40,1,0,5
"441",41,1,1,5
"442",42,1,1,5
"443",43,1,1,5
"444",44,1,1,5
"445",45,1,0,5
"446",46,1,1,5
"447",47,1,1,5
"448",48,1,0,5
"449",49,1,1,5
"450",50,1,1,5
"451",51,1,1,5
"452",52,1,0,5
"453",53,1,1,5
"454",54,1,0,5
"455",55,2,0,5
"456",56,2,0,5
"457",57,1,1,5
"458",58,2,0,5
"459",59,1,1,5
"460",60,1,1,5
"461",61,1,1,5
"462",62,1,0,5
"463",63,2,0,5
"464",64,1,1,5
"465",65,2,0,5
"466",66,1,1,5
"467",67,1,1,5
"468",68,1,1,5
"469",69,1,1,5
"470",70,1,1,5
"471",71,1,0,5
"472",72,1,0,5
"473",73,1,1,5
"474",74,2,0,5
"475",75,1,1,5
"476",76,1,1,5
"477",77,1,1,5
"478",78,2,0,5
"479",79,1,0,5
"480",80,2,0,5
"481",81,2,1,5
"482",82,1,1,5
"483",83,1,1,5
"484",84,1,1,5
"485",85,1,0,5
"486",86,2,0,5
"487",87,1,1,5
"488",88,1,0,5
"489",89,1,0,5
"490",90,1,1,5
"491",91,2,0,5
"492",92,2,0,5
"493",93,1,1,5
"494",94,1,1,5
"495",95,1,1,5
"496",96,2,0,5
"497",97,2,0,5
"498",98,1,1,5
"499",99,2,0,5
"500",100,1,1,5
"501",1,1,1,6
"502",2,1,1,6
"503",3,2,1,6
"504",4,1,1,6
"505",5,2,0,6
"506",6,1,1,6
"507",7,1,0,6
"508",8,2,0,6
"509",9,2,0,6
"510",10,1,1,6
"511",11,1,1,6
"512",12,1,1,6
"513",13,2,0,6
"514",14,1,1,6
"515",15,2,0,6
"516",16,2,0,6
"517",17,2,1,6
"518",18,1,1,6
"519",19,2,1,6
"520",20,2,0,6
"521",21,1,1,6
"522",22,1,1,6
"523",23,1,0,6
"524",24,2,0,6
"525",25,1,1,6
"526",26,1,1,6
"527",27,1,0,6
"528",28,1,1,6
"529",29,1,0,6
"530",30,2,0,6
"531",31,2,1,6
"532",32,1,1,6
"533",33,1,1,6
"534",34,2,0,6
"535",35,1,0,6
"536",36,1,1,6
"537",37,1,1,6
"538",38,1,0,6
"539",39,1,1,6
"540",40,1,1,6
"541",41,1,0,6
"542",42,1,1,6
"543",43,1,0,6
"544",44,1,1,6
"545",45,1,1,6
"546",46,2,0,6
"547",47,1,1,6
"548",48,1,0,6
"549",49,1,1,6
"550",50,2,0,6
"551",51,1,1,6
"552",52,2,1,6
"553",53,1,1,6
"554",54,1,1,6
"555",55,1,1,6
"556",56,2,0,6
"557",57,1,0,6
"558",58,1,0,6
"559",59,1,1,6
"560",60,1,1,6
"561",61,1,1,6
"562",62,1,1,6
"563",63,2,0,6
"564",64,1,0,6
"565",65,1,0,6
"566",66,1,1,6
"567",67,2,0,6
"568",68,2,0,6
"569",69,2,0,6
"570",70,1,1,6
"571",71,2,0,6
"572",72,1,1,6
"573",73,1,1,6
"574",74,1,1,6
"575",75,1,1,6
"576",76,2,0,6
"577",77,1,1,6
"578",78,1,1,6
"579",79,2,0,6
"580",80,2,0,6
"581",81,1,0,6
"582",82,1,1,6
"583",83,1,1,6
"584",84,1,1,6
"585",85,1,1,6
"586",86,1,1,6
"587",87,2,0,6
"588",88,2,1,6
"589",89,1,1,6
"590",90,1,1,6
"591",91,1,0,6
"592",92,1,1,6
"593",93,1,1,6
"594",94,1,1,6
"595",95,1,0,6
"596",96,2,0,6
"597",97,1,1,6
"598",98,2,0,6
"599",99,1,1,6
"600",100,1,0,6
"601",1,2,1,7
"602",2,2,0,7
"603",3,2,0,7
"604",4,2,0,7
"605",5,1,1,7
"606",6,2,0,7
"607",7,2,1,7
"608",8,2,0,7
"609",9,1,1,7
"610",10,2,0,7
"611",11,2,0,7
"612",12,2,0,7
"613",13,1,1,7
"614",14,1,0,7
"615",15,1,1,7
"616",16,1,0,7
"617",17,1,1,7
"618",18,2,0,7
"619",19,1,1,7
"620",20,2,0,7
"621",21,1,0,7
"622",22,1,1,7
"623",23,2,0,7
"624",24,1,1,7
"625",25,1,1,7
"626",26,1,1,7
"627",27,1,0,7
"628",28,1,1,7
"629",29,2,1,7
"630",30,1,1,7
"631",31,1,1,7
"632",32,2,0,7
"633",33,1,1,7
"634",34,2,1,7
"635",35,2,0,7
"636",36,1,1,7
"637",37,2,0,7
"638",38,1,1,7
"639",39,1,1,7
"640",40,1,1,7
"641",41,2,1,7
"642",42,1,1,7
"643",43,1,0,7
"644",44,1,1,7
"645",45,1,0,7
"646",46,1,0,7
"647",47,2,0,7
"648",48,2,0,7
"649",49,1,1,7
"650",50,1,1,7
"651",51,2,0,7
"652",52,2,0,7
"653",53,1,1,7
"654",54,1,0,7
"655",55,1,0,7
"656",56,1,1,7
"657",57,2,0,7
"658",58,1,0,7
"659",59,2,0,7
"660",60,1,1,7
"661",61,1,1,7
"662",62,2,0,7
"663",63,1,0,7
"664",64,1,1,7
"665",65,1,1,7
"666",66,2,0,7
"667",67,1,1,7
"668",68,1,1,7
"669",69,1,0,7
"670",70,1,1,7
"671",71,1,1,7
"672",72,1,0,7
"673",73,1,1,7
"674",74,1,1,7
"675",75,2,0,7
"676",76,1,1,7
"677",77,1,1,7
"678",78,1,1,7
"679",79,1,1,7
"680",80,2,0,7
"681",81,1,0,7
"682",82,1,1,7
"683",83,1,1,7
"684",84,1,1,7
"685",85,1,0,7
"686",86,1,1,7
"687",87,1,1,7
"688",88,2,1,7
"689",89,1,1,7
"690",90,1,1,7
"691",91,1,1,7
"692",92,1,1,7
"693",93,1,1,7
"694",94,1,1,7
"695",95,1,1,7
"696",96,1,1,7
"697",97,1,1,7
"698",98,1,1,7
"699",99,2,0,7
"700",100,2,0,7
"701",1,2,0,8
"702",2,2,1,8
"703",3,2,0,8
"704",4,2,0,8
"705",5,2,0,8
"706",6,1,1,8
"707",7,1,1,8
"708",8,2,0,8
"709",9,1,1,8
"710",10,1,1,8
"711",11,2,1,8
"712",12,1,1,8
"713",13,1,1,8
"714",14,1,0,8
"715",15,2,0,8
"716",16,1,0,8
"717",17,2,1,8
"718",18,2,0,8
"719",19,2,0,8
"720",20,1,1,8
"721",21,1,0,8
"722",22,1,1,8
"723",23,1,1,8
"724",24,2,0,8
"725",25,1,1,8
"726",26,1,1,8
"727",27,1,1,8
"728",28,1,1,8
"729",29,2,0,8
"730",30,1,1,8
"731",31,1,0,8
"732",32,1,1,8
"733",33,1,1,8
"734",34,2,0,8
"735",35,1,1,8
"736",36,1,1,8
"737",37,2,1,8
"738",38,1,1,8
"739",39,1,1,8
"740",40,1,1,8
"741",41,1,1,8
"742",42,1,1,8
"743",43,1,1,8
"744",44,2,1,8
"745",45,2,0,8
"746",46,1,1,8
"747",47,1,1,8
"748",48,1,1,8
"749",49,1,0,8
"750",50,1,1,8
"751",51,2,0,8
"752",52,1,1,8
"753",53,1,1,8
"754",54,1,1,8
"755",55,1,0,8
"756",56,1,1,8
"757",57,1,1,8
"758",58,1,0,8
"759",59,1,1,8
"760",60,1,1,8
"761",61,2,1,8
"762",62,1,0,8
"763",63,2,0,8
"764",64,2,1,8
"765",65,1,1,8
"766",66,2,1,8
"767",67,2,0,8
"768",68,1,1,8
"769",69,2,0,8
"770",70,1,0,8
"771",71,1,1,8
"772",72,2,1,8
"773",73,2,1,8
"774",74,1,1,8
"775",75,1,1,8
"776",76,1,1,8
"777",77,2,0,8
"778",78,1,0,8
"779",79,1,1,8
"780",80,1,1,8
"781",81,2,0,8
"782",82,2,0,8
"783",83,1,1,8
"784",84,2,0,8
"785",85,1,1,8
"786",86,2,0,8
"787",87,2,0,8
"788",88,1,1,8
"789",89,1,1,8
"790",90,2,0,8
"791",91,1,1,8
"792",92,1,1,8
"793",93,1,1,8
"794",94,2,0,8
"795",95,2,0,8
"796",96,1,0,8
"797",97,2,0,8
"798",98,2,0,8
"799",99,2,0,8
"800",100,1,1,8
"801",1,2,0,9
"802",2,1,1,9
"803",3,2,0,9
"804",4,1,1,9
"805",5,1,1,9
"806",6,2,0,9
"807",7,2,0,9
"808",8,2,0,9
"809",9,2,0,9
"810",10,1,1,9
"811",11,1,0,9
"812",12,2,0,9
"813",13,1,1,9
"814",14,2,0,9
"815",15,2,0,9
"816",16,1,1,9
"817",17,2,0,9
"818",18,1,1,9
"819",19,1,1,9
"820",20,1,1,9
"821",21,1,1,9
"822",22,2,1,9
"823",23,1,0,9
"824",24,1,1,9
"825",25,2,0,9
"826",26,1,1,9
"827",27,1,1,9
"828",28,1,1,9
"829",29,1,1,9
"830",30,1,1,9
"831",31,1,1,9
"832",32,1,0,9
"833",33,2,0,9
"834",34,2,0,9
"835",35,2,0,9
"836",36,2,0,9
"837",37,1,0,9
"838",38,2,0,9
"839",39,1,1,9
"840",40,1,1,9
"841",41,2,0,9
"842",42,1,1,9
"843",43,1,1,9
"844",44,1,0,9
"845",45,1,1,9
"846",46,1,0,9
"847",47,1,1,9
"848",48,1,1,9
"849",49,1,1,9
"850",50,2,0,9
"851",51,2,0,9
"852",52,1,1,9
"853",53,2,0,9
"854",54,1,1,9
"855",55,1,1,9
"856",56,1,1,9
"857",57,1,0,9
"858",58,2,0,9
"859",59,2,0,9
"860",60,1,1,9
"861",61,1,1,9
"862",62,1,1,9
"863",63,1,1,9
"864",64,1,1,9
"865",65,1,1,9
"866",66,2,0,9
"867",67,1,0,9
"868",68,2,0,9
"869",69,1,1,9
"870",70,1,1,9
"871",71,2,0,9
"872",72,1,1,9
"873",73,1,1,9
"874",74,1,0,9
"875",75,2,0,9
"876",76,2,0,9
"877",77,1,1,9
"878",78,1,1,9
"879",79,2,0,9
"880",80,1,1,9
"881",81,2,0,9
"882",82,1,1,9
"883",83,2,0,9
"884",84,1,1,9
"885",85,1,1,9
"886",86,1,0,9
"887",87,2,0,9
"888",88,1,1,9
"889",89,1,1,9
"890",90,1,1,9
"891",91,1,0,9
"892",92,1,1,9
"893",93,1,0,9
"894",94,1,0,9
"895",95,1,1,9
"896",96,1,1,9
"897",97,2,1,9
"898",98,1,1,9
"899",99,2,0,9
"900",100,2,1,9
"901",1,2,1,10
"902",2,2,1,10
"903",3,1,1,10
"904",4,2,0,10
"905",5,1,0,10
"906",6,1,0,10
"907",7,1,1,10
"908",8,2,0,10
"909",9,2,0,10
"910",10,2,1,10
"911",11,2,0,10
"912",12,1,1,10
"913",13,1,1,10
"914",14,1,1,10
"915",15,2,0,10
"916",16,2,1,10
"917",17,2,0,10
"918",18,1,1,10
"919",19,2,1,10
"920",20,2,0,10
"921",21,1,1,10
"922",22,2,0,10
"923",23,2,1,10
"924",24,2,0,10
"925",25,1,1,10
"926",26,2,0,10
"927",27,1,1,10
"928",28,1,1,10
"929",29,2,1,10
"930",30,1,1,10
"931",31,1,1,10
"932",32,2,1,10
"933",33,1,1,10
"934",34,2,0,10
"935",35,1,0,10
"936",36,2,0,10
"937",37,2,1,10
"938",38,2,0,10
"939",39,1,1,10
"940",40,1,1,10
"941",41,1,1,10
"942",42,1,1,10
"943",43,1,1,10
"944",44,2,0,10
"945",45,2,0,10
"946",46,1,1,10
"947",47,1,1,10
"948",48,1,1,10
"949",49,1,1,10
"950",50,2,0,10
"951",51,2,0,10
"952",52,1,0,10
"953",53,1,1,10
"954",54,2,0,10
"955",55,2,0,10
"956",56,1,0,10
"957",57,1,1,10
"958",58,2,0,10
"959",59,1,1,10
"960",60,1,1,10
"961",61,1,1,10
"962",62,2,1,10
"963",63,1,1,10
"964",64,2,0,10
"965",65,1,1,10
"966",66,2,0,10
"967",67,2,1,10
"968",68,2,0,10
"969",69,2,0,10
"970",70,1,0,10
"971",71,2,1,10
"972",72,1,1,10
"973",73,2,0,10
"974",74,1,1,10
"975",75,2,0,10
"976",76,1,1,10
"977",77,1,1,10
"978",78,1,1,10
"979",79,1,1,10
"980",80,1,1,10
"981",81,1,0,10
"982",82,1,1,10
"983",83,1,1,10
"984",84,2,0,10
"985",85,1,0,10
"986",86,1,1,10
"987",87,2,0,10
"988",88,2,0,10
"989",89,1,1,10
"990",90,2,1,10
"991",91,2,0,10
"992",92,1,1,10
"993",93,1,1,10
"994",94,2,0,10
"995",95,1,1,10
"996",96,2,0,10
"997",97,1,1,10
"998",98,1,1,10
"999",99,1,1,10
"1000",100,1,1,10
"1001",1,1,1,11
"1002",2,1,1,11
"1003",3,2,0,11
"1004",4,2,0,11
"1005",5,1,1,11
"1006",6,1,1,11
"1007",7,1,1,11
"1008",8,1,1,11
"1009",9,1,1,11
"1010",10,1,1,11
"1011",11,1,1,11
"1012",12,2,0,11
"1013",13,1,1,11
"1014",14,1,1,11
"1015",15,1,1,11
"1016",16,1,1,11
"1017",17,1,1,11
"1018",18,1,1,11
"1019",19,1,1,11
"1020",20,2,0,11
"1021",21,1,0,11
"1022",22,1,1,11
"1023",23,1,1,11
"1024",24,1,1,11
"1025",25,1,1,11
"1026",26,2,1,11
"1027",27,1,1,11
"1028",28,1,1,11
"1029",29,2,0,11
"1030",30,2,0,11
"1031",31,1,1,11
"1032",32,1,1,11
"1033",33,1,0,11
"1034",34,2,0,11
"1035",35,1,0,11
"1036",36,1,1,11
"1037",37,2,1,11
"1038",38,1,1,11
"1039",39,1,1,11
"1040",40,1,1,11
"1041",41,1,1,11
"1042",42,1,0,11
"1043",43,2,0,11
"1044",44,2,1,11
"1045",45,1,0,11
"1046",46,1,1,11
"1047",47,1,0,11
"1048",48,1,1,11
"1049",49,1,1,11
"1050",50,1,1,11
"1051",51,1,1,11
"1052",52,1,0,11
"1053",53,2,0,11
"1054",54,2,1,11
"1055",55,2,0,11
"1056",56,1,1,11
"1057",57,2,1,11
"1058",58,1,1,11
"1059",59,1,1,11
"1060",60,1,1,11
"1061",61,1,1,11
"1062",62,1,0,11
"1063",63,1,1,11
"1064",64,1,0,11
"1065",65,2,0,11
"1066",66,2,0,11
"1067",67,1,1,11
"1068",68,1,1,11
"1069",69,1,1,11
"1070",70,1,1,11
"1071",71,1,1,11
"1072",72,1,1,11
"1073",73,1,0,11
"1074",74,1,1,11
"1075",75,1,1,11
"1076",76,2,0,11
"1077",77,2,0,11
"1078",78,1,0,11
"1079",79,2,0,11
"1080",80,1,1,11
"1081",81,2,0,11
"1082",82,1,1,11
"1083",83,1,0,11
"1084",84,2,0,11
"1085",85,2,0,11
"1086",86,1,1,11
"1087",87,2,0,11
"1088",88,1,0,11
"1089",89,1,0,11
"1090",90,2,1,11
"1091",91,1,1,11
"1092",92,2,1,11
"1093",93,2,1,11
"1094",94,2,1,11
"1095",95,2,0,11
"1096",96,2,0,11
"1097",97,1,0,11
"1098",98,2,0,11
"1099",99,1,1,11
"1100",100,2,1,11
"1101",1,2,0,12
"1102",2,1,1,12
"1103",3,2,1,12
"1104",4,2,0,12
"1105",5,1,0,12
"1106",6,1,1,12
"1107",7,1,1,12
"1108",8,1,1,12
"1109",9,1,1,12
"1110",10,1,1,12
"1111",11,1,0,12
"1112",12,2,0,12
"1113",13,2,0,12
"1114",14,2,1,12
"1115",15,1,1,12
"1116",16,1,0,12
"1117",17,2,1,12
"1118",18,2,0,12
"1119",19,2,0,12
"1120",20,1,1,12
"1121",21,2,0,12
"1122",22,2,0,12
"1123",23,2,0,12
"1124",24,2,1,12
"1125",25,1,1,12
"1126",26,2,0,12
"1127",27,2,0,12
"1128",28,2,0,12
"1129",29,2,0,12
"1130",30,1,1,12
"1131",31,1,1,12
"1132",32,1,1,12
"1133",33,1,1,12
"1134",34,1,1,12
"1135",35,1,1,12
"1136",36,1,0,12
"1137",37,1,1,12
"1138",38,2,1,12
"1139",39,1,1,12
"1140",40,2,0,12
"1141",41,1,1,12
"1142",42,1,1,12
"1143",43,2,1,12
"1144",44,1,1,12
"1145",45,1,1,12
"1146",46,1,1,12
"1147",47,1,1,12
"1148",48,1,0,12
"1149",49,2,0,12
"1150",50,1,1,12
"1151",51,1,0,12
"1152",52,1,1,12
"1153",53,2,0,12
"1154",54,1,1,12
"1155",55,2,0,12
"1156",56,1,1,12
"1157",57,1,1,12
"1158",58,1,1,12
"1159",59,1,1,12
"1160",60,2,0,12
"1161",61,2,1,12
"1162",62,2,1,12
"1163",63,2,1,12
"1164",64,1,1,12
"1165",65,1,1,12
"1166",66,1,0,12
"1167",67,1,1,12
"1168",68,1,0,12
"1169",69,1,1,12
"1170",70,1,1,12
"1171",71,1,1,12
"1172",72,2,0,12
"1173",73,1,0,12
"1174",74,1,1,12
"1175",75,2,0,12
"1176",76,1,0,12
"1177",77,2,0,12
"1178",78,1,0,12
"1179",79,1,1,12
"1180",80,1,1,12
"1181",81,1,1,12
"1182",82,2,0,12
"1183",83,1,1,12
"1184",84,1,0,12
"1185",85,1,1,12
"1186",86,1,1,12
"1187",87,1,1,12
"1188",88,2,1,12
"1189",89,2,0,12
"1190",90,2,0,12
"1191",91,1,1,12
"1192",92,2,0,12
"1193",93,1,1,12
"1194",94,2,0,12
"1195",95,1,1,12
"1196",96,1,0,12
"1197",97,1,1,12
"1198",98,2,1,12
"1199",99,1,0,12
"1200",100,1,1,12
"1201",1,1,1,13
"1202",2,1,1,13
"1203",3,1,1,13
"1204",4,2,0,13
"1205",5,1,1,13
"1206",6,2,1,13
"1207",7,1,1,13
"1208",8,1,1,13
"1209",9,1,0,13
"1210",10,1,0,13
"1211",11,1,1,13
"1212",12,1,0,13
"1213",13,2,0,13
"1214",14,2,0,13
"1215",15,1,1,13
"1216",16,1,1,13
"1217",17,1,0,13
"1218",18,2,0,13
"1219",19,1,1,13
"1220",20,1,1,13
"1221",21,1,1,13
"1222",22,1,0,13
"1223",23,2,0,13
"1224",24,1,1,13
"1225",25,1,1,13
"1226",26,1,1,13
"1227",27,1,1,13
"1228",28,2,0,13
"1229",29,1,1,13
"1230",30,2,0,13
"1231",31,1,1,13
"1232",32,1,1,13
"1233",33,2,1,13
"1234",34,1,0,13
"1235",35,2,0,13
"1236",36,2,1,13
"1237",37,1,0,13
"1238",38,1,1,13
"1239",39,2,0,13
"1240",40,2,0,13
"1241",41,1,1,13
"1242",42,1,1,13
"1243",43,1,0,13
"1244",44,1,1,13
"1245",45,1,1,13
"1246",46,1,0,13
"1247",47,2,0,13
"1248",48,1,1,13
"1249",49,1,1,13
"1250",50,2,0,13
"1251",51,2,0,13
"1252",52,2,0,13
"1253",53,1,0,13
"1254",54,1,0,13
"1255",55,2,0,13
"1256",56,1,1,13
"1257",57,1,1,13
"1258",58,2,0,13
"1259",59,1,1,13
"1260",60,2,0,13
"1261",61,1,1,13
"1262",62,1,1,13
"1263",63,1,1,13
"1264",64,1,1,13
"1265",65,2,0,13
"1266",66,2,0,13
"1267",67,1,1,13
"1268",68,1,1,13
"1269",69,1,1,13
"1270",70,1,1,13
"1271",71,1,1,13
"1272",72,1,1,13
"1273",73,1,1,13
"1274",74,2,1,13
"1275",75,2,0,13
"1276",76,1,1,13
"1277",77,2,1,13
"1278",78,1,0,13
"1279",79,1,1,13
"1280",80,1,1,13
"1281",81,1,1,13
"1282",82,1,1,13
"1283",83,1,0,13
"1284",84,1,1,13
"1285",85,1,1,13
"1286",86,2,1,13
"1287",87,2,0,13
"1288",88,2,0,13
"1289",89,2,0,13
"1290",90,2,0,13
"1291",91,1,1,13
"1292",92,1,1,13
"1293",93,2,0,13
"1294",94,1,0,13
"1295",95,1,1,13
"1296",96,1,1,13
"1297",97,2,1,13
"1298",98,1,1,13
"1299",99,2,0,13
"1300",100,1,1,13
"1301",1,2,0,14
"1302",2,1,1,14
"1303",3,2,0,14
"1304",4,1,1,14
"1305",5,1,0,14
"1306",6,1,1,14
"1307",7,1,1,14
"1308",8,1,1,14
"1309",9,1,1,14
"1310",10,1,0,14
"1311",11,1,1,14
"1312",12,1,1,14
"1313",13,1,1,14
"1314",14,1,1,14
"1315",15,1,1,14
"1316",16,1,1,14
"1317",17,1,1,14
"1318",18,1,0,14
"1319",19,1,1,14
"1320",20,2,0,14
"1321",21,1,1,14
"1322",22,2,1,14
"1323",23,2,0,14
"1324",24,2,0,14
"1325",25,1,1,14
"1326",26,1,1,14
"1327",27,1,0,14
"1328",28,1,1,14
"1329",29,1,1,14
"1330",30,1,1,14
"1331",31,1,1,14
"1332",32,1,1,14
"1333",33,2,0,14
"1334",34,1,1,14
"1335",35,1,1,14
"1336",36,1,0,14
"1337",37,1,1,14
"1338",38,1,1,14
"1339",39,1,1,14
"1340",40,1,1,14
"1341",41,1,1,14
"1342",42,1,1,14
"1343",43,1,1,14
"1344",44,1,0,14
"1345",45,1,0,14
"1346",46,1,1,14
"1347",47,1,1,14
"1348",48,2,0,14
"1349",49,2,0,14
"1350",50,1,0,14
"1351",51,1,0,14
"1352",52,1,0,14
"1353",53,2,0,14
"1354",54,1,1,14
"1355",55,1,0,14
"1356",56,1,1,14
"1357",57,2,0,14
"1358",58,1,1,14
"1359",59,1,0,14
"1360",60,1,1,14
"1361",61,2,0,14
"1362",62,1,0,14
"1363",63,1,1,14
"1364",64,2,0,14
"1365",65,1,0,14
"1366",66,2,0,14
"1367",67,1,1,14
"1368",68,2,0,14
"1369",69,1,1,14
"1370",70,1,1,14
"1371",71,1,1,14
"1372",72,1,1,14
"1373",73,1,1,14
"1374",74,1,1,14
"1375",75,1,1,14
"1376",76,1,1,14
"1377",77,1,1,14
"1378",78,2,0,14
"1379",79,1,1,14
"1380",80,2,0,14
"1381",81,1,1,14
"1382",82,2,0,14
"1383",83,1,1,14
"1384",84,1,1,14
"1385",85,1,1,14
"1386",86,1,1,14
"1387",87,1,1,14
"1388",88,1,1,14
"1389",89,1,1,14
"1390",90,1,1,14
"1391",91,1,1,14
"1392",92,2,0,14
"1393",93,1,1,14
"1394",94,1,1,14
"1395",95,1,1,14
"1396",96,1,1,14
"1397",97,1,1,14
"1398",98,1,1,14
"1399",99,1,1,14
"1400",100,1,1,14
"1401",1,1,1,15
"1402",2,2,0,15
"1403",3,1,1,15
"1404",4,1,1,15
"1405",5,1,1,15
"1406",6,1,0,15
"1407",7,1,1,15
"1408",8,2,0,15
"1409",9,1,1,15
"1410",10,2,0,15
"1411",11,2,1,15
"1412",12,1,0,15
"1413",13,2,0,15
"1414",14,1,0,15
"1415",15,2,0,15
"1416",16,1,1,15
"1417",17,1,0,15
"1418",18,1,1,15
"1419",19,2,0,15
"1420",20,1,1,15
"1421",21,1,1,15
"1422",22,1,1,15
"1423",23,2,1,15
"1424",24,1,1,15
"1425",25,1,1,15
"1426",26,1,1,15
"1427",27,1,1,15
"1428",28,1,1,15
"1429",29,2,1,15
"1430",30,2,1,15
"1431",31,1,1,15
"1432",32,1,1,15
"1433",33,1,1,15
"1434",34,2,0,15
"1435",35,1,1,15
"1436",36,2,0,15
"1437",37,1,1,15
"1438",38,2,0,15
"1439",39,1,1,15
"1440",40,1,1,15
"1441",41,1,1,15
"1442",42,2,0,15
"1443",43,2,0,15
"1444",44,1,0,15
"1445",45,2,0,15
"1446",46,1,1,15
"1447",47,1,1,15
"1448",48,1,1,15
"1449",49,2,0,15
"1450",50,1,1,15
"1451",51,1,0,15
"1452",52,2,0,15
"1453",53,1,1,15
"1454",54,1,1,15
"1455",55,1,1,15
"1456",56,1,0,15
"1457",57,2,1,15
"1458",58,1,0,15
"1459",59,2,0,15
"1460",60,1,0,15
"1461",61,1,0,15
"1462",62,1,1,15
"1463",63,2,0,15
"1464",64,1,0,15
"1465",65,2,0,15
"1466",66,1,0,15
"1467",67,1,0,15
"1468",68,1,1,15
"1469",69,1,1,15
"1470",70,2,1,15
"1471",71,2,0,15
"1472",72,1,1,15
"1473",73,1,0,15
"1474",74,1,1,15
"1475",75,1,1,15
"1476",76,1,0,15
"1477",77,2,1,15
"1478",78,2,0,15
"1479",79,2,0,15
"1480",80,2,0,15
"1481",81,2,0,15
"1482",82,1,0,15
"1483",83,2,0,15
"1484",84,1,0,15
"1485",85,2,0,15
"1486",86,2,0,15
"1487",87,1,1,15
"1488",88,2,0,15
"1489",89,1,1,15
"1490",90,1,0,15
"1491",91,2,0,15
"1492",92,1,1,15
"1493",93,2,0,15
"1494",94,1,0,15
"1495",95,2,0,15
"1496",96,1,1,15
"1497",97,1,1,15
"1498",98,2,1,15
"1499",99,1,1,15
"1500",100,1,1,15
"1501",1,1,1,16
"1502",2,1,1,16
"1503",3,1,1,16
"1504",4,1,0,16
"1505",5,1,1,16
"1506",6,2,1,16
"1507",7,1,1,16
"1508",8,2,0,16
"1509",9,1,1,16
"1510",10,1,1,16
"1511",11,1,0,16
"1512",12,2,0,16
"1513",13,1,1,16
"1514",14,2,0,16
"1515",15,1,1,16
"1516",16,1,0,16
"1517",17,1,1,16
"1518",18,1,1,16
"1519",19,1,1,16
"1520",20,1,1,16
"1521",21,2,0,16
"1522",22,2,0,16
"1523",23,1,1,16
"1524",24,1,0,16
"1525",25,2,0,16
"1526",26,2,0,16
"1527",27,2,0,16
"1528",28,2,0,16
"1529",29,1,1,16
"1530",30,1,1,16
"1531",31,2,0,16
"1532",32,1,1,16
"1533",33,2,0,16
"1534",34,1,1,16
"1535",35,1,1,16
"1536",36,1,1,16
"1537",37,1,1,16
"1538",38,1,1,16
"1539",39,2,0,16
"1540",40,1,1,16
"1541",41,1,0,16
"1542",42,1,1,16
"1543",43,1,1,16
"1544",44,1,1,16
"1545",45,1,1,16
"1546",46,1,0,16
"1547",47,2,1,16
"1548",48,2,0,16
"1549",49,2,1,16
"1550",50,2,0,16
"1551",51,2,0,16
"1552",52,1,1,16
"1553",53,2,0,16
"1554",54,1,1,16
"1555",55,1,1,16
"1556",56,1,1,16
"1557",57,1,1,16
"1558",58,2,0,16
"1559",59,1,1,16
"1560",60,1,1,16
"1561",61,2,0,16
"1562",62,2,0,16
"1563",63,2,0,16
"1564",64,1,0,16
"1565",65,2,0,16
"1566",66,1,1,16
"1567",67,2,0,16
"1568",68,1,1,16
"1569",69,1,0,16
"1570",70,1,1,16
"1571",71,1,0,16
"1572",72,2,0,16
"1573",73,1,1,16
"1574",74,1,1,16
"1575",75,1,1,16
"1576",76,1,0,16
"1577",77,1,1,16
"1578",78,2,0,16
"1579",79,1,1,16
"1580",80,2,0,16
"1581",81,1,1,16
"1582",82,1,1,16
"1583",83,1,1,16
"1584",84,1,1,16
"1585",85,1,0,16
"1586",86,1,1,16
"1587",87,1,0,16
"1588",88,2,0,16
"1589",89,1,1,16
"1590",90,1,1,16
"1591",91,1,1,16
"1592",92,1,0,16
"1593",93,2,0,16
"1594",94,1,0,16
"1595",95,1,0,16
"1596",96,1,1,16
"1597",97,2,0,16
"1598",98,1,1,16
"1599",99,2,0,16
"1600",100,1,1,16
"1601",1,1,0,17
"1602",2,2,0,17
"1603",3,1,1,17
"1604",4,1,0,17
"1605",5,1,1,17
"1606",6,1,1,17
"1607",7,1,1,17
"1608",8,1,1,17
"1609",9,1,1,17
"1610",10,1,1,17
"1611",11,1,1,17
"1612",12,1,1,17
"1613",13,2,0,17
"1614",14,1,1,17
"1615",15,1,1,17
"1616",16,1,1,17
"1617",17,1,1,17
"1618",18,1,1,17
"1619",19,1,1,17
"1620",20,1,1,17
"1621",21,1,0,17
"1622",22,1,1,17
"1623",23,2,0,17
"1624",24,1,1,17
"1625",25,1,1,17
"1626",26,1,0,17
"1627",27,1,1,17
"1628",28,1,1,17
"1629",29,1,1,17
"1630",30,1,1,17
"1631",31,1,1,17
"1632",32,1,0,17
"1633",33,2,0,17
"1634",34,1,1,17
"1635",35,1,0,17
"1636",36,1,1,17
"1637",37,1,1,17
"1638",38,1,1,17
"1639",39,1,1,17
"1640",40,1,1,17
"1641",41,1,1,17
"1642",42,2,0,17
"1643",43,1,1,17
"1644",44,1,1,17
"1645",45,1,1,17
"1646",46,1,1,17
"1647",47,1,1,17
"1648",48,1,1,17
"1649",49,1,1,17
"1650",50,1,1,17
"1651",51,1,1,17
"1652",52,1,1,17
"1653",53,1,1,17
"1654",54,1,1,17
"1655",55,1,0,17
"1656",56,2,0,17
"1657",57,1,1,17
"1658",58,1,0,17
"1659",59,1,1,17
"1660",60,2,0,17
"1661",61,1,1,17
"1662",62,1,0,17
"1663",63,1,1,17
"1664",64,1,1,17
"1665",65,1,1,17
"1666",66,1,1,17
"1667",67,1,1,17
"1668",68,1,0,17
"1669",69,1,1,17
"1670",70,1,1,17
"1671",71,1,1,17
"1672",72,1,1,17
"1673",73,2,0,17
"1674",74,1,1,17
"1675",75,1,1,17
"1676",76,1,1,17
"1677",77,2,0,17
"1678",78,1,1,17
"1679",79,1,1,17
"1680",80,1,1,17
"1681",81,2,1,17
"1682",82,2,0,17
"1683",83,1,1,17
"1684",84,1,1,17
"1685",85,1,1,17
"1686",86,1,1,17
"1687",87,1,0,17
"1688",88,2,0,17
"1689",89,2,1,17
"1690",90,2,0,17
"1691",91,2,0,17
"1692",92,1,1,17
"1693",93,1,1,17
"1694",94,2,0,17
"1695",95,1,1,17
"1696",96,2,0,17
"1697",97,1,1,17
"1698",98,1,1,17
"1699",99,1,1,17
"1700",100,1,1,17
"1701",1,2,0,18
"1702",2,2,0,18
"1703",3,1,1,18
"1704",4,1,1,18
"1705",5,2,0,18
"1706",6,1,1,18
"1707",7,1,1,18
"1708",8,2,0,18
"1709",9,1,1,18
"1710",10,2,0,18
"1711",11,1,1,18
"1712",12,2,0,18
"1713",13,1,1,18
"1714",14,1,1,18
"1715",15,1,0,18
"1716",16,2,0,18
"1717",17,1,1,18
"1718",18,1,1,18
"1719",19,2,0,18
"1720",20,1,1,18
"1721",21,1,1,18
"1722",22,1,1,18
"1723",23,1,1,18
"1724",24,1,1,18
"1725",25,1,0,18
"1726",26,1,1,18
"1727",27,1,1,18
"1728",28,2,0,18
"1729",29,1,1,18
"1730",30,1,1,18
"1731",31,2,0,18
"1732",32,2,1,18
"1733",33,1,1,18
"1734",34,2,0,18
"1735",35,1,1,18
"1736",36,1,1,18
"1737",37,1,0,18
"1738",38,1,0,18
"1739",39,2,0,18
"1740",40,1,1,18
"1741",41,1,1,18
"1742",42,1,1,18
"1743",43,2,0,18
"1744",44,2,0,18
"1745",45,1,1,18
"1746",46,2,1,18
"1747",47,2,1,18
"1748",48,2,0,18
"1749",49,1,1,18
"1750",50,2,0,18
"1751",51,1,0,18
"1752",52,2,0,18
"1753",53,1,1,18
"1754",54,1,0,18
"1755",55,1,1,18
"1756",56,2,1,18
"1757",57,2,1,18
"1758",58,2,0,18
"1759",59,2,0,18
"1760",60,1,1,18
"1761",61,1,1,18
"1762",62,2,0,18
"1763",63,1,1,18
"1764",64,1,1,18
"1765",65,2,0,18
"1766",66,1,1,18
"1767",67,1,1,18
"1768",68,2,0,18
"1769",69,1,1,18
"1770",70,1,1,18
"1771",71,1,1,18
"1772",72,1,1,18
"1773",73,1,1,18
"1774",74,1,1,18
"1775",75,2,0,18
"1776",76,1,0,18
"1777",77,2,0,18
"1778",78,1,1,18
"1779",79,1,1,18
"1780",80,1,1,18
"1781",81,1,1,18
"1782",82,1,1,18
"1783",83,1,1,18
"1784",84,1,0,18
"1785",85,1,1,18
"1786",86,2,0,18
"1787",87,1,1,18
"1788",88,1,1,18
"1789",89,1,0,18
"1790",90,2,0,18
"1791",91,2,0,18
"1792",92,2,0,18
"1793",93,1,1,18
"1794",94,2,0,18
"1795",95,1,1,18
"1796",96,1,1,18
"1797",97,2,0,18
"1798",98,1,1,18
"1799",99,1,1,18
"1800",100,1,1,18
"1801",1,2,0,19
"1802",2,2,0,19
"1803",3,1,1,19
"1804",4,1,1,19
"1805",5,1,1,19
"1806",6,1,1,19
"1807",7,1,1,19
"1808",8,2,0,19
"1809",9,1,1,19
"1810",10,1,1,19
"1811",11,2,0,19
"1812",12,1,1,19
"1813",13,1,0,19
"1814",14,1,1,19
"1815",15,1,1,19
"1816",16,1,1,19
"1817",17,1,1,19
"1818",18,1,0,19
"1819",19,2,0,19
"1820",20,1,1,19
"1821",21,1,1,19
"1822",22,2,0,19
"1823",23,2,0,19
"1824",24,1,1,19
"1825",25,1,1,19
"1826",26,2,0,19
"1827",27,1,1,19
"1828",28,1,1,19
"1829",29,2,0,19
"1830",30,1,1,19
"1831",31,1,0,19
"1832",32,2,0,19
"1833",33,1,1,19
"1834",34,1,1,19
"1835",35,1,1,19
"1836",36,1,1,19
"1837",37,1,1,19
"1838",38,1,1,19
"1839",39,1,1,19
"1840",40,1,1,19
"1841",41,1,1,19
"1842",42,2,0,19
"1843",43,2,0,19
"1844",44,2,0,19
"1845",45,1,1,19
"1846",46,1,1,19
"1847",47,1,0,19
"1848",48,1,1,19
"1849",49,1,1,19
"1850",50,1,1,19
"1851",51,1,0,19
"1852",52,1,1,19
"1853",53,1,1,19
"1854",54,2,0,19
"1855",55,1,1,19
"1856",56,1,1,19
"1857",57,1,1,19
"1858",58,1,1,19
"1859",59,1,0,19
"1860",60,2,0,19
"1861",61,2,0,19
"1862",62,1,1,19
"1863",63,1,0,19
"1864",64,1,1,19
"1865",65,1,1,19
"1866",66,2,0,19
"1867",67,1,0,19
"1868",68,1,1,19
"1869",69,1,1,19
"1870",70,1,1,19
"1871",71,1,1,19
"1872",72,1,0,19
"1873",73,1,0,19
"1874",74,1,1,19
"1875",75,2,0,19
"1876",76,1,1,19
"1877",77,1,1,19
"1878",78,1,1,19
"1879",79,1,1,19
"1880",80,1,1,19
"1881",81,1,1,19
"1882",82,1,1,19
"1883",83,1,1,19
"1884",84,2,0,19
"1885",85,1,0,19
"1886",86,2,0,19
"1887",87,2,0,19
"1888",88,2,0,19
"1889",89,2,0,19
"1890",90,2,0,19
"1891",91,1,0,19
"1892",92,2,0,19
"1893",93,1,1,19
"1894",94,2,0,19
"1895",95,1,1,19
"1896",96,2,0,19
"1897",97,1,1,19
"1898",98,2,0,19
"1899",99,1,1,19
"1900",100,1,0,19
"1901",1,2,0,20
"1902",2,1,1,20
"1903",3,2,1,20
"1904",4,1,1,20
"1905",5,1,1,20
"1906",6,1,1,20
"1907",7,2,0,20
"1908",8,1,1,20
"1909",9,1,1,20
"1910",10,1,1,20
"1911",11,1,0,20
"1912",12,2,1,20
"1913",13,2,0,20
"1914",14,1,1,20
"1915",15,2,1,20
"1916",16,1,1,20
"1917",17,1,1,20
"1918",18,2,1,20
"1919",19,1,0,20
"1920",20,2,0,20
"1921",21,2,0,20
"1922",22,2,0,20
"1923",23,1,1,20
"1924",24,2,0,20
"1925",25,1,0,20
"1926",26,1,1,20
"1927",27,1,1,20
"1928",28,2,0,20
"1929",29,1,1,20
"1930",30,1,0,20
"1931",31,1,1,20
"1932",32,2,0,20
"1933",33,1,1,20
"1934",34,1,0,20
"1935",35,1,1,20
"1936",36,2,0,20
"1937",37,2,0,20
"1938",38,1,1,20
"1939",39,1,1,20
"1940",40,1,1,20
"1941",41,1,1,20
"1942",42,1,1,20
"1943",43,1,1,20
"1944",44,1,1,20
"1945",45,1,1,20
"1946",46,1,1,20
"1947",47,1,1,20
"1948",48,2,0,20
"1949",49,1,1,20
"1950",50,1,1,20
"1951",51,1,1,20
"1952",52,1,1,20
"1953",53,1,1,20
"1954",54,1,1,20
"1955",55,1,1,20
"1956",56,1,1,20
"1957",57,1,1,20
"1958",58,1,1,20
"1959",59,1,1,20
"1960",60,1,1,20
"1961",61,2,0,20
"1962",62,2,1,20
"1963",63,1,1,20
"1964",64,1,1,20
"1965",65,2,0,20
"1966",66,1,1,20
"1967",67,1,1,20
"1968",68,1,1,20
"1969",69,1,1,20
"1970",70,1,0,20
"1971",71,2,0,20
"1972",72,1,1,20
"1973",73,1,1,20
"1974",74,1,0,20
"1975",75,1,1,20
"1976",76,1,1,20
"1977",77,1,1,20
"1978",78,1,1,20
"1979",79,1,1,20
"1980",80,1,1,20
"1981",81,1,1,20
"1982",82,1,0,20
"1983",83,2,0,20
"1984",84,1,1,20
"1985",85,1,1,20
"1986",86,1,0,20
"1987",87,2,0,20
"1988",88,2,0,20
"1989",89,2,0,20
"1990",90,2,0,20
"1991",91,2,0,20
"1992",92,1,1,20
"1993",93,1,1,20
"1994",94,1,0,20
"1995",95,2,0,20
"1996",96,2,0,20
"1997",97,1,1,20
"1998",98,1,1,20
"1999",99,1,1,20
"2000",100,1,1,20
"2001",1,1,1,21
"2002",2,1,0,21
"2003",3,2,0,21
"2004",4,2,0,21
"2005",5,1,0,21
"2006",6,2,0,21
"2007",7,1,1,21
"2008",8,1,1,21
"2009",9,1,1,21
"2010",10,2,0,21
"2011",11,2,0,21
"2012",12,1,1,21
"2013",13,1,1,21
"2014",14,1,1,21
"2015",15,1,1,21
"2016",16,1,1,21
"2017",17,1,1,21
"2018",18,1,1,21
"2019",19,1,0,21
"2020",20,1,1,21
"2021",21,1,1,21
"2022",22,1,1,21
"2023",23,2,1,21
"2024",24,1,1,21
"2025",25,1,0,21
"2026",26,2,0,21
"2027",27,2,1,21
"2028",28,2,0,21
"2029",29,2,0,21
"2030",30,2,0,21
"2031",31,2,0,21
"2032",32,1,1,21
"2033",33,1,0,21
"2034",34,2,0,21
"2035",35,2,0,21
"2036",36,2,0,21
"2037",37,1,1,21
"2038",38,1,1,21
"2039",39,1,1,21
"2040",40,1,1,21
"2041",41,1,1,21
"2042",42,1,1,21
"2043",43,1,1,21
"2044",44,1,1,21
"2045",45,1,1,21
"2046",46,1,1,21
"2047",47,1,0,21
"2048",48,1,1,21
"2049",49,1,1,21
"2050",50,1,1,21
"2051",51,1,0,21
"2052",52,2,0,21
"2053",53,1,1,21
"2054",54,2,0,21
"2055",55,2,0,21
"2056",56,2,0,21
"2057",57,2,0,21
"2058",58,1,1,21
"2059",59,1,1,21
"2060",60,1,1,21
"2061",61,1,1,21
"2062",62,1,1,21
"2063",63,2,0,21
"2064",64,1,1,21
"2065",65,1,1,21
"2066",66,1,1,21
"2067",67,1,1,21
"2068",68,1,1,21
"2069",69,1,1,21
"2070",70,1,1,21
"2071",71,1,0,21
"2072",72,1,1,21
"2073",73,2,0,21
"2074",74,1,1,21
"2075",75,1,1,21
"2076",76,1,1,21
"2077",77,2,0,21
"2078",78,1,1,21
"2079",79,1,1,21
"2080",80,1,1,21
"2081",81,2,0,21
"2082",82,1,0,21
"2083",83,1,1,21
"2084",84,1,1,21
"2085",85,1,1,21
"2086",86,1,1,21
"2087",87,1,1,21
"2088",88,1,1,21
"2089",89,1,1,21
"2090",90,2,0,21
"2091",91,1,1,21
"2092",92,1,1,21
"2093",93,2,0,21
"2094",94,2,0,21
"2095",95,1,1,21
"2096",96,1,1,21
"2097",97,1,1,21
"2098",98,1,1,21
"2099",99,1,0,21
"2100",100,1,0,21
"2101",1,1,1,22
"2102",2,1,0,22
"2103",3,2,0,22
"2104",4,2,0,22
"2105",5,1,1,22
"2106",6,1,1,22
"2107",7,2,0,22
"2108",8,1,1,22
"2109",9,1,1,22
"2110",10,1,1,22
"2111",11,1,1,22
"2112",12,2,0,22
"2113",13,2,0,22
"2114",14,2,0,22
"2115",15,1,1,22
"2116",16,2,1,22
"2117",17,2,0,22
"2118",18,2,0,22
"2119",19,2,0,22
"2120",20,2,0,22
"2121",21,1,1,22
"2122",22,1,1,22
"2123",23,1,0,22
"2124",24,2,1,22
"2125",25,1,1,22
"2126",26,1,1,22
"2127",27,2,0,22
"2128",28,2,0,22
"2129",29,2,0,22
"2130",30,1,1,22
"2131",31,1,1,22
"2132",32,1,1,22
"2133",33,1,1,22
"2134",34,2,0,22
"2135",35,1,1,22
"2136",36,1,1,22
"2137",37,2,1,22
"2138",38,1,1,22
"2139",39,1,0,22
"2140",40,1,1,22
"2141",41,2,0,22
"2142",42,2,0,22
"2143",43,2,1,22
"2144",44,1,1,22
"2145",45,1,1,22
"2146",46,1,0,22
"2147",47,2,0,22
"2148",48,1,1,22
"2149",49,2,0,22
"2150",50,1,1,22
"2151",51,1,1,22
"2152",52,1,1,22
"2153",53,1,1,22
"2154",54,1,0,22
"2155",55,1,0,22
"2156",56,2,0,22
"2157",57,1,1,22
"2158",58,1,0,22
"2159",59,1,1,22
"2160",60,1,1,22
"2161",61,1,1,22
"2162",62,2,0,22
"2163",63,1,1,22
"2164",64,1,1,22
"2165",65,1,1,22
"2166",66,1,1,22
"2167",67,2,1,22
"2168",68,2,1,22
"2169",69,1,0,22
"2170",70,2,0,22
"2171",71,1,1,22
"2172",72,1,1,22
"2173",73,2,0,22
"2174",74,1,0,22
"2175",75,1,1,22
"2176",76,2,0,22
"2177",77,2,0,22
"2178",78,1,1,22
"2179",79,2,0,22
"2180",80,1,1,22
"2181",81,1,0,22
"2182",82,2,0,22
"2183",83,1,1,22
"2184",84,1,1,22
"2185",85,1,1,22
"2186",86,1,1,22
"2187",87,1,1,22
"2188",88,1,1,22
"2189",89,1,1,22
"2190",90,2,0,22
"2191",91,2,0,22
"2192",92,1,1,22
"2193",93,1,1,22
"2194",94,2,0,22
"2195",95,2,0,22
"2196",96,1,1,22
"2197",97,1,1,22
"2198",98,1,1,22
"2199",99,2,0,22
"2200",100,2,1,22
"2201",1,1,1,23
"2202",2,1,1,23
"2203",3,2,1,23
"2204",4,2,0,23
"2205",5,1,1,23
"2206",6,1,1,23
"2207",7,2,0,23
"2208",8,1,1,23
"2209",9,2,0,23
"2210",10,2,0,23
"2211",11,2,0,23
"2212",12,2,0,23
"2213",13,2,0,23
"2214",14,1,1,23
"2215",15,1,1,23
"2216",16,1,1,23
"2217",17,1,0,23
"2218",18,2,0,23
"2219",19,1,1,23
"2220",20,2,0,23
"2221",21,1,1,23
"2222",22,1,0,23
"2223",23,1,1,23
"2224",24,1,1,23
"2225",25,2,0,23
"2226",26,1,1,23
"2227",27,2,1,23
"2228",28,1,1,23
"2229",29,1,0,23
"2230",30,1,1,23
"2231",31,2,0,23
"2232",32,1,1,23
"2233",33,2,1,23
"2234",34,1,1,23
"2235",35,2,0,23
"2236",36,1,0,23
"2237",37,1,1,23
"2238",38,1,1,23
"2239",39,1,1,23
"2240",40,1,1,23
"2241",41,1,1,23
"2242",42,1,1,23
"2243",43,1,1,23
"2244",44,2,0,23
"2245",45,2,0,23
"2246",46,1,1,23
"2247",47,2,0,23
"2248",48,1,0,23
"2249",49,1,0,23
"2250",50,1,1,23
"2251",51,1,1,23
"2252",52,1,1,23
"2253",53,2,0,23
"2254",54,1,1,23
"2255",55,1,1,23
"2256",56,1,0,23
"2257",57,1,1,23
"2258",58,1,1,23
"2259",59,1,1,23
"2260",60,1,1,23
"2261",61,2,0,23
"2262",62,1,1,23
"2263",63,1,1,23
"2264",64,2,0,23
"2265",65,1,1,23
"2266",66,1,1,23
"2267",67,2,1,23
"2268",68,1,1,23
"2269",69,1,1,23
"2270",70,1,1,23
"2271",71,2,0,23
"2272",72,1,1,23
"2273",73,2,0,23
"2274",74,1,0,23
"2275",75,1,1,23
"2276",76,1,1,23
"2277",77,1,1,23
"2278",78,1,0,23
"2279",79,1,0,23
"2280",80,1,0,23
"2281",81,2,0,23
"2282",82,2,0,23
"2283",83,2,1,23
"2284",84,1,1,23
"2285",85,1,1,23
"2286",86,1,1,23
"2287",87,1,1,23
"2288",88,2,0,23
"2289",89,1,0,23
"2290",90,2,1,23
"2291",91,1,1,23
"2292",92,2,0,23
"2293",93,2,0,23
"2294",94,1,1,23
"2295",95,1,0,23
"2296",96,2,1,23
"2297",97,1,1,23
"2298",98,2,1,23
"2299",99,2,0,23
"2300",100,2,0,23
"2301",1,2,1,24
"2302",2,2,1,24
"2303",3,1,0,24
"2304",4,2,0,24
"2305",5,2,1,24
"2306",6,2,1,24
"2307",7,1,1,24
"2308",8,1,1,24
"2309",9,1,0,24
"2310",10,2,0,24
"2311",11,1,1,24
"2312",12,1,1,24
"2313",13,1,1,24
"2314",14,1,1,24
"2315",15,2,0,24
"2316",16,1,1,24
"2317",17,1,1,24
"2318",18,1,1,24
"2319",19,1,1,24
"2320",20,1,1,24
"2321",21,1,0,24
"2322",22,1,1,24
"2323",23,1,1,24
"2324",24,1,1,24
"2325",25,1,1,24
"2326",26,2,1,24
"2327",27,1,0,24
"2328",28,2,0,24
"2329",29,1,1,24
"2330",30,1,1,24
"2331",31,2,0,24
"2332",32,1,0,24
"2333",33,2,1,24
"2334",34,2,0,24
"2335",35,2,0,24
"2336",36,2,0,24
"2337",37,1,1,24
"2338",38,2,1,24
"2339",39,1,1,24
"2340",40,1,1,24
"2341",41,1,1,24
"2342",42,2,1,24
"2343",43,2,0,24
"2344",44,1,1,24
"2345",45,1,1,24
"2346",46,2,0,24
"2347",47,1,1,24
"2348",48,1,1,24
"2349",49,1,1,24
"2350",50,1,0,24
"2351",51,2,0,24
"2352",52,1,1,24
"2353",53,1,1,24
"2354",54,1,1,24
"2355",55,1,0,24
"2356",56,1,0,24
"2357",57,2,0,24
"2358",58,1,1,24
"2359",59,1,1,24
"2360",60,1,0,24
"2361",61,1,1,24
"2362",62,1,1,24
"2363",63,1,1,24
"2364",64,1,1,24
"2365",65,1,1,24
"2366",66,1,1,24
"2367",67,2,1,24
"2368",68,1,1,24
"2369",69,2,0,24
"2370",70,1,1,24
"2371",71,1,1,24
"2372",72,1,1,24
"2373",73,1,1,24
"2374",74,1,0,24
"2375",75,1,1,24
"2376",76,2,0,24
"2377",77,1,1,24
"2378",78,1,1,24
"2379",79,1,1,24
"2380",80,1,1,24
"2381",81,1,0,24
"2382",82,1,1,24
"2383",83,2,1,24
"2384",84,1,1,24
"2385",85,2,0,24
"2386",86,1,1,24
"2387",87,1,1,24
"2388",88,1,0,24
"2389",89,1,1,24
"2390",90,1,0,24
"2391",91,1,1,24
"2392",92,1,0,24
"2393",93,2,0,24
"2394",94,1,1,24
"2395",95,1,1,24
"2396",96,1,1,24
"2397",97,1,1,24
"2398",98,1,1,24
"2399",99,1,1,24
"2400",100,1,1,24
"2401",1,1,1,25
"2402",2,1,1,25
"2403",3,2,0,25
"2404",4,1,1,25
"2405",5,1,1,25
"2406",6,2,0,25
"2407",7,2,0,25
"2408",8,1,1,25
"2409",9,2,0,25
"2410",10,1,1,25
"2411",11,1,0,25
"2412",12,1,0,25
"2413",13,1,0,25
"2414",14,2,1,25
"2415",15,1,1,25
"2416",16,2,1,25
"2417",17,1,0,25
"2418",18,1,1,25
"2419",19,2,0,25
"2420",20,1,1,25
"2421",21,2,0,25
"2422",22,1,1,25
"2423",23,1,1,25
"2424",24,1,1,25
"2425",25,2,0,25
"2426",26,1,1,25
"2427",27,1,1,25
"2428",28,2,0,25
"2429",29,1,1,25
"2430",30,1,1,25
"2431",31,1,1,25
"2432",32,2,0,25
"2433",33,1,1,25
"2434",34,1,1,25
"2435",35,1,1,25
"2436",36,1,1,25
"2437",37,1,1,25
"2438",38,1,1,25
"2439",39,1,1,25
"2440",40,2,0,25
"2441",41,1,1,25
"2442",42,1,1,25
"2443",43,1,1,25
"2444",44,1,1,25
"2445",45,1,1,25
"2446",46,2,1,25
"2447",47,1,0,25
"2448",48,1,1,25
"2449",49,2,0,25
"2450",50,1,1,25
"2451",51,1,1,25
"2452",52,2,0,25
"2453",53,1,1,25
"2454",54,1,1,25
"2455",55,1,1,25
"2456",56,1,1,25
"2457",57,2,0,25
"2458",58,1,0,25
"2459",59,2,0,25
"2460",60,2,0,25
"2461",61,2,0,25
"2462",62,1,1,25
"2463",63,1,0,25
"2464",64,1,0,25
"2465",65,2,0,25
"2466",66,1,1,25
"2467",67,2,0,25
"2468",68,2,1,25
"2469",69,2,0,25
"2470",70,1,1,25
"2471",71,1,1,25
"2472",72,1,1,25
"2473",73,1,1,25
"2474",74,1,1,25
"2475",75,2,0,25
"2476",76,2,0,25
"2477",77,1,1,25
"2478",78,1,1,25
"2479",79,1,1,25
"2480",80,1,1,25
"2481",81,1,1,25
"2482",82,2,0,25
"2483",83,1,1,25
"2484",84,2,0,25
"2485",85,1,1,25
"2486",86,2,0,25
"2487",87,1,1,25
"2488",88,2,0,25
"2489",89,1,1,25
"2490",90,1,0,25
"2491",91,1,1,25
"2492",92,2,0,25
"2493",93,2,0,25
"2494",94,1,0,25
"2495",95,1,1,25
"2496",96,2,0,25
"2497",97,2,0,25
"2498",98,2,0,25
"2499",99,2,0,25
"2500",100,1,1,25
"2501",1,1,1,26
"2502",2,1,1,26
"2503",3,1,1,26
"2504",4,1,1,26
"2505",5,2,0,26
"2506",6,1,1,26
"2507",7,1,1,26
"2508",8,1,1,26
"2509",9,1,1,26
"2510",10,1,0,26
"2511",11,1,1,26
"2512",12,1,1,26
"2513",13,1,0,26
"2514",14,1,1,26
"2515",15,1,1,26
"2516",16,1,1,26
"2517",17,1,0,26
"2518",18,1,1,26
"2519",19,1,1,26
"2520",20,1,1,26
"2521",21,1,1,26
"2522",22,1,1,26
"2523",23,1,1,26
"2524",24,2,0,26
"2525",25,2,0,26
"2526",26,2,0,26
"2527",27,1,0,26
"2528",28,2,1,26
"2529",29,2,0,26
"2530",30,1,1,26
"2531",31,1,1,26
"2532",32,1,1,26
"2533",33,1,0,26
"2534",34,2,0,26
"2535",35,1,1,26
"2536",36,1,1,26
"2537",37,2,0,26
"2538",38,1,1,26
"2539",39,1,1,26
"2540",40,1,1,26
"2541",41,2,0,26
"2542",42,1,1,26
"2543",43,2,0,26
"2544",44,1,0,26
"2545",45,2,1,26
"2546",46,2,1,26
"2547",47,2,0,26
"2548",48,1,0,26
"2549",49,1,1,26
"2550",50,2,1,26
"2551",51,2,0,26
"2552",52,1,1,26
"2553",53,1,1,26
"2554",54,2,1,26
"2555",55,1,1,26
"2556",56,1,1,26
"2557",57,1,1,26
"2558",58,1,0,26
"2559",59,1,1,26
"2560",60,1,1,26
"2561",61,1,0,26
"2562",62,2,0,26
"2563",63,2,0,26
"2564",64,1,1,26
"2565",65,2,0,26
"2566",66,1,1,26
"2567",67,1,1,26
"2568",68,1,1,26
"2569",69,1,1,26
"2570",70,1,0,26
"2571",71,2,0,26
"2572",72,1,1,26
"2573",73,1,1,26
"2574",74,2,0,26
"2575",75,1,0,26
"2576",76,2,0,26
"2577",77,1,1,26
"2578",78,1,1,26
"2579",79,1,1,26
"2580",80,1,1,26
"2581",81,1,1,26
"2582",82,2,0,26
"2583",83,2,0,26
"2584",84,1,1,26
"2585",85,1,0,26
"2586",86,1,1,26
"2587",87,1,1,26
"2588",88,2,1,26
"2589",89,1,1,26
"2590",90,2,0,26
"2591",91,1,1,26
"2592",92,1,1,26
"2593",93,2,0,26
"2594",94,1,1,26
"2595",95,1,1,26
"2596",96,1,1,26
"2597",97,2,1,26
"2598",98,2,0,26
"2599",99,2,0,26
"2600",100,2,0,26
"2601",1,1,0,27
"2602",2,2,0,27
"2603",3,2,0,27
"2604",4,1,1,27
"2605",5,1,1,27
"2606",6,1,0,27
"2607",7,1,1,27
"2608",8,1,0,27
"2609",9,1,0,27
"2610",10,2,0,27
"2611",11,1,0,27
"2612",12,2,1,27
"2613",13,1,1,27
"2614",14,2,1,27
"2615",15,2,0,27
"2616",16,1,0,27
"2617",17,1,0,27
"2618",18,1,1,27
"2619",19,1,1,27
"2620",20,2,0,27
"2621",21,1,0,27
"2622",22,1,1,27
"2623",23,1,1,27
"2624",24,2,0,27
"2625",25,1,1,27
"2626",26,1,1,27
"2627",27,1,1,27
"2628",28,1,1,27
"2629",29,1,0,27
"2630",30,2,0,27
"2631",31,1,1,27
"2632",32,1,1,27
"2633",33,1,1,27
"2634",34,1,0,27
"2635",35,2,0,27
"2636",36,1,1,27
"2637",37,2,0,27
"2638",38,1,1,27
"2639",39,2,0,27
"2640",40,1,1,27
"2641",41,2,1,27
"2642",42,1,1,27
"2643",43,2,0,27
"2644",44,1,1,27
"2645",45,1,0,27
"2646",46,1,1,27
"2647",47,2,0,27
"2648",48,1,1,27
"2649",49,1,1,27
"2650",50,1,0,27
"2651",51,2,0,27
"2652",52,1,1,27
"2653",53,1,1,27
"2654",54,1,1,27
"2655",55,1,1,27
"2656",56,1,1,27
"2657",57,2,1,27
"2658",58,2,0,27
"2659",59,2,0,27
"2660",60,1,0,27
"2661",61,2,1,27
"2662",62,2,0,27
"2663",63,2,0,27
"2664",64,2,0,27
"2665",65,2,1,27
"2666",66,2,0,27
"2667",67,1,1,27
"2668",68,1,1,27
"2669",69,1,1,27
"2670",70,2,0,27
"2671",71,1,1,27
"2672",72,2,1,27
"2673",73,1,1,27
"2674",74,2,0,27
"2675",75,1,1,27
"2676",76,1,0,27
"2677",77,1,1,27
"2678",78,1,1,27
"2679",79,1,0,27
"2680",80,2,1,27
"2681",81,2,1,27
"2682",82,2,0,27
"2683",83,2,0,27
"2684",84,1,1,27
"2685",85,1,1,27
"2686",86,1,1,27
"2687",87,1,1,27
"2688",88,1,0,27
"2689",89,2,0,27
"2690",90,1,1,27
"2691",91,1,1,27
"2692",92,1,0,27
"2693",93,1,1,27
"2694",94,2,0,27
"2695",95,1,1,27
"2696",96,1,1,27
"2697",97,1,1,27
"2698",98,1,1,27
"2699",99,1,1,27
"2700",100,1,1,27
"2701",1,1,0,28
"2702",2,1,1,28
"2703",3,1,1,28
"2704",4,1,1,28
"2705",5,2,0,28
"2706",6,1,1,28
"2707",7,2,1,28
"2708",8,2,0,28
"2709",9,1,1,28
"2710",10,2,0,28
"2711",11,1,0,28
"2712",12,2,0,28
"2713",13,2,0,28
"2714",14,2,1,28
"2715",15,1,1,28
"2716",16,1,1,28
"2717",17,1,0,28
"2718",18,2,1,28
"2719",19,1,1,28
"2720",20,1,1,28
"2721",21,2,1,28
"2722",22,2,0,28
"2723",23,1,1,28
"2724",24,1,1,28
"2725",25,1,1,28
"2726",26,2,0,28
"2727",27,1,1,28
"2728",28,1,1,28
"2729",29,1,1,28
"2730",30,1,1,28
"2731",31,2,0,28
"2732",32,1,0,28
"2733",33,1,1,28
"2734",34,1,1,28
"2735",35,1,1,28
"2736",36,1,1,28
"2737",37,2,0,28
"2738",38,1,1,28
"2739",39,2,0,28
"2740",40,2,0,28
"2741",41,1,1,28
"2742",42,2,0,28
"2743",43,1,1,28
"2744",44,2,0,28
"2745",45,1,1,28
"2746",46,2,0,28
"2747",47,1,0,28
"2748",48,1,1,28
"2749",49,1,0,28
"2750",50,2,0,28
"2751",51,1,1,28
"2752",52,1,0,28
"2753",53,1,1,28
"2754",54,2,0,28
"2755",55,1,1,28
"2756",56,1,1,28
"2757",57,1,1,28
"2758",58,1,1,28
"2759",59,1,1,28
"2760",60,1,1,28
"2761",61,1,1,28
"2762",62,1,1,28
"2763",63,1,1,28
"2764",64,1,1,28
"2765",65,1,1,28
"2766",66,1,1,28
"2767",67,1,1,28
"2768",68,1,1,28
"2769",69,2,0,28
"2770",70,1,1,28
"2771",71,1,1,28
"2772",72,1,1,28
"2773",73,1,1,28
"2774",74,1,1,28
"2775",75,1,1,28
"2776",76,1,1,28
"2777",77,1,0,28
"2778",78,1,1,28
"2779",79,1,1,28
"2780",80,1,1,28
"2781",81,1,0,28
"2782",82,2,0,28
"2783",83,1,1,28
"2784",84,1,1,28
"2785",85,1,1,28
"2786",86,1,1,28
"2787",87,1,1,28
"2788",88,2,0,28
"2789",89,1,0,28
"2790",90,1,1,28
"2791",91,1,1,28
"2792",92,2,0,28
"2793",93,1,1,28
"2794",94,2,0,28
"2795",95,1,1,28
"2796",96,1,0,28
"2797",97,2,1,28
"2798",98,1,0,28
"2799",99,1,0,28
"2800",100,2,0,28
"2801",1,2,1,29
"2802",2,2,0,29
"2803",3,2,0,29
"2804",4,1,1,29
"2805",5,1,0,29
"2806",6,1,1,29
"2807",7,2,0,29
"2808",8,2,0,29
"2809",9,1,0,29
"2810",10,2,0,29
"2811",11,1,1,29
"2812",12,2,0,29
"2813",13,2,0,29
"2814",14,1,0,29
"2815",15,2,0,29
"2816",16,1,1,29
"2817",17,1,1,29
"2818",18,1,1,29
"2819",19,1,0,29
"2820",20,1,1,29
"2821",21,2,1,29
"2822",22,2,0,29
"2823",23,2,0,29
"2824",24,1,1,29
"2825",25,1,1,29
"2826",26,1,1,29
"2827",27,1,1,29
"2828",28,1,1,29
"2829",29,1,1,29
"2830",30,1,1,29
"2831",31,1,0,29
"2832",32,1,1,29
"2833",33,1,1,29
"2834",34,1,0,29
"2835",35,1,1,29
"2836",36,1,0,29
"2837",37,1,1,29
"2838",38,2,0,29
"2839",39,1,1,29
"2840",40,1,1,29
"2841",41,1,1,29
"2842",42,1,1,29
"2843",43,1,1,29
"2844",44,1,1,29
"2845",45,1,0,29
"2846",46,1,0,29
"2847",47,2,0,29
"2848",48,1,1,29
"2849",49,2,0,29
"2850",50,2,0,29
"2851",51,2,0,29
"2852",52,1,1,29
"2853",53,2,1,29
"2854",54,2,0,29
"2855",55,1,1,29
"2856",56,1,1,29
"2857",57,1,1,29
"2858",58,2,1,29
"2859",59,2,1,29
"2860",60,1,1,29
"2861",61,1,1,29
"2862",62,2,0,29
"2863",63,1,1,29
"2864",64,1,1,29
"2865",65,1,1,29
"2866",66,2,0,29
"2867",67,1,1,29
"2868",68,1,1,29
"2869",69,1,1,29
"2870",70,1,1,29
"2871",71,2,0,29
"2872",72,1,0,29
"2873",73,1,1,29
"2874",74,1,1,29
"2875",75,2,0,29
"2876",76,1,1,29
"2877",77,2,0,29
"2878",78,1,1,29
"2879",79,1,1,29
"2880",80,2,0,29
"2881",81,1,1,29
"2882",82,1,1,29
"2883",83,1,1,29
"2884",84,2,0,29
"2885",85,1,1,29
"2886",86,2,0,29
"2887",87,1,1,29
"2888",88,1,0,29
"2889",89,2,0,29
"2890",90,1,1,29
"2891",91,1,1,29
"2892",92,2,0,29
"2893",93,1,1,29
"2894",94,1,1,29
"2895",95,1,1,29
"2896",96,1,0,29
"2897",97,1,1,29
"2898",98,1,1,29
"2899",99,1,1,29
"2900",100,1,0,29
"2901",1,2,0,30
"2902",2,2,0,30
"2903",3,2,0,30
"2904",4,1,1,30
"2905",5,1,1,30
"2906",6,1,1,30
"2907",7,1,1,30
"2908",8,1,1,30
"2909",9,1,0,30
"2910",10,2,0,30
"2911",11,1,1,30
"2912",12,2,0,30
"2913",13,1,1,30
"2914",14,2,0,30
"2915",15,1,0,30
"2916",16,1,1,30
"2917",17,2,0,30
"2918",18,1,0,30
"2919",19,2,0,30
"2920",20,2,0,30
"2921",21,2,0,30
"2922",22,1,1,30
"2923",23,1,1,30
"2924",24,1,1,30
"2925",25,2,0,30
"2926",26,1,1,30
"2927",27,2,0,30
"2928",28,1,0,30
"2929",29,2,0,30
"2930",30,2,0,30
"2931",31,1,1,30
"2932",32,1,1,30
"2933",33,2,0,30
"2934",34,1,1,30
"2935",35,1,0,30
"2936",36,1,0,30
"2937",37,2,0,30
"2938",38,2,0,30
"2939",39,2,0,30
"2940",40,2,0,30
"2941",41,1,1,30
"2942",42,1,1,30
"2943",43,1,1,30
"2944",44,1,1,30
"2945",45,2,0,30
"2946",46,2,0,30
"2947",47,1,0,30
"2948",48,1,1,30
"2949",49,2,0,30
"2950",50,1,0,30
"2951",51,1,1,30
"2952",52,1,1,30
"2953",53,1,1,30
"2954",54,1,0,30
"2955",55,1,1,30
"2956",56,2,0,30
"2957",57,1,1,30
"2958",58,2,0,30
"2959",59,1,0,30
"2960",60,1,1,30
"2961",61,2,1,30
"2962",62,2,0,30
"2963",63,1,1,30
"2964",64,2,0,30
"2965",65,1,1,30
"2966",66,2,1,30
"2967",67,1,0,30
"2968",68,2,0,30
"2969",69,1,0,30
"2970",70,1,1,30
"2971",71,2,0,30
"2972",72,2,0,30
"2973",73,1,1,30
"2974",74,1,1,30
"2975",75,1,0,30
"2976",76,2,0,30
"2977",77,1,1,30
"2978",78,1,1,30
"2979",79,2,0,30
"2980",80,2,0,30
"2981",81,2,0,30
"2982",82,2,0,30
"2983",83,1,1,30
"2984",84,1,1,30
"2985",85,1,0,30
"2986",86,1,0,30
"2987",87,2,0,30
"2988",88,1,1,30
"2989",89,1,1,30
"2990",90,1,0,30
"2991",91,1,1,30
"2992",92,2,0,30
"2993",93,2,1,30
"2994",94,1,1,30
"2995",95,1,1,30
"2996",96,2,0,30
"2997",97,1,1,30
"2998",98,1,1,30
"2999",99,1,1,30
"3000",100,1,1,30
